Thu Dec 9 13:29:05 2021 +0100,u233266,Pull request #91,feature/SOPRE-29348-implementation-sap-iver
Thu Dec 9 13:17:03 2021 +0100,u233266,feature/SOPRE-29348-implementation-sap-iver
Mon Dec 6 06:55:51 2021 +0100,u233266,Pull request #89,feature/SOPRE-29348-implementation-sap-iver
Fri Dec 3 13:47:44 2021 +0100,u233266,feature/SOPRE-29348-implementation-sap-iver
Fri Dec 3 08:40:22 2021 +0100,u233266,feature/SOPRE-29348-implementation-sap-iver
Tue Nov 23 10:29:38 2021 +0100,u233266,Pull request #87,feature/SOPRE-29348-implementation-sap-iver
Tue Nov 23 10:26:17 2021 +0100,u233266,feature/SOPRE-29348-implementation-sap-iver
Tue Nov 16 07:50:39 2021 +0100,u233266,Pull request #85,feature/SOPRE-29348-implementation-sap-iver
Tue Nov 16 07:49:43 2021 +0100,u233266,feature/SOPRE-29348-implementation-sap-iver
Thu Nov 4 11:14:59 2021 +0100,u233266,Pull request #83,feature/SOPRE-29348-implementation-sap-iver
Thu Nov 4 11:13:41 2021 +0100,u233266,feature/SOPRE-29348-implementation-sap-iver
Thu Oct 21 11:07:05 2021 +0200,u233266,Pull request #81,feature/SOPRE-29348-implementation-sap-iver
Thu Oct 21 11:03:18 2021 +0200,u233266,feature/SOPRE-29348-implementation-sap-iver
Mon Oct 18 08:45:27 2021 +0200,u233266,Pull request #79,feature/SOPRE-29348-implementation-sap-iver
Mon Oct 18 08:43:13 2021 +0200,u233266,feature/SOPRE-29348-implementation-sap-iver
Fri Oct 15 08:59:00 2021 +0200,u233266,feature/SOPRE-29348-implementation-sap-iver
Mon Sep 27 13:40:37 2021 +0200,u233266,Pull request #77,feature/SOPRE-29348-implementation-sap-iver
Mon Sep 27 13:38:43 2021 +0200,u233266,feature/SOPRE-29348-implementation-sap-iver
Wed Sep 15 06:55:43 2021 +0200,u233266,Pull request #75,feature/SOPRE-29348-implementation-sap-iver
Wed Sep 15 06:53:53 2021 +0200,u233266,feature/SOPRE-29348-implementation-sap-iver
Tue Sep 14 08:28:40 2021 +0200,u233266,Pull request #73,feature/SOPRE-29348-implementation-sap-iver
Tue Sep 14 08:27:28 2021 +0200,u233266,feature/SOPRE-29348-implementation-sap-iver
Tue Sep 14 07:49:35 2021 +0200,u233266,Pull request #71,feature/SOPRE-29348-implementation-sap-iver
Tue Sep 14 07:46:17 2021 +0200,u233266,feature/SOPRE-29348-implementation-sap-iver
Thu Sep 9 13:58:12 2021 +0200,u233266,Pull request #69,feature/SOPRE-29348-implementation-sap-iver
Thu Sep 9 13:23:02 2021 +0200,u233266,feature/SOPRE-29348-implementation-sap-iver
Wed Sep 8 10:58:06 2021 +0200,u233266,Pull request #67,feature/SOPRE-29348-implementation-sap-iver
Wed Sep 8 10:55:35 2021 +0200,u233266,feature/SOPRE-29348-implementation-sap-iver
Wed Sep 8 07:47:12 2021 +0200,u233266,Pull request #65,feature/SOPRE-29348-implementation-sap-iver
Wed Sep 8 07:45:42 2021 +0200,u233266,feature/SOPRE-29348-implementation-sap-iver
Tue Sep 7 15:50:10 2021 +0200,u233266,Pull request #63,feature/SOPRE-29348-implementation-sap-iver
Tue Sep 7 15:48:15 2021 +0200,u233266,feature/SOPRE-29348-implementation-sap-iver
Tue Sep 7 14:27:13 2021 +0200,u233266,Pull request #61,feature/SOPRE-29348-implementation-sap-iver
Tue Sep 7 14:25:45 2021 +0200,u233266,feature/SOPRE-29348-implementation-sap-iver
Tue Sep 7 14:24:37 2021 +0200,u233266,feature/SOPRE-29348-implementation-sap-iver
Tue Sep 7 13:17:04 2021 +0200,u233266,Pull request #59,feature/SOPRE-29348-implementation-sap-iver
Tue Sep 7 13:10:42 2021 +0200,u233266,feature/SOPRE-29348-implementation-sap-iver
Mon Sep 6 11:23:07 2021 +0200,u233266,Pull request #57,feature/SOPRE-29348-implementation-sap-iver
Mon Sep 6 11:21:58 2021 +0200,u233266,feature/SOPRE-29348-implementation-sap-iver
Mon Sep 6 10:49:47 2021 +0200,u233266,Pull request #55,feature/SOPRE-29348-implementation-sap-iver
Mon Sep 6 10:48:57 2021 +0200,u233266,feature/SOPRE-29348-implementation-sap-iver
Mon Sep 6 10:33:51 2021 +0200,u233266,Pull request #53,feature/SOPRE-29348-implementation-sap-iver
Mon Sep 6 10:31:58 2021 +0200,u233266,feature/SOPRE-29348-implementation-sap-iver
Mon Sep 6 10:24:37 2021 +0200,u233266,Pull request #51,feature/SOPRE-29348-implementation-sap-iver
Mon Sep 6 10:23:44 2021 +0200,u233266,feature/SOPRE-29348-implementation-sap-iver
Mon Sep 6 10:22:27 2021 +0200,u233266,feature/SOPRE-29348-implementation-sap-iver
Fri Sep 3 13:26:11 2021 +0200,u233266,Pull request #49,feature/SOPRE-29348-implementation-sap-iver
Fri Sep 3 13:25:09 2021 +0200,u233266,feature/SOPRE-29348-implementation-sap-iver
Fri Sep 3 08:14:45 2021 +0200,u233266,Pull request #47,feature/SOPRE-29348-implementation-sap-iver
Fri Sep 3 08:10:49 2021 +0200,u233266,feature/SOPRE-29348-implementation-sap-iver
Thu Sep 2 15:21:58 2021 +0200,u233266,Pull request #45,feature/SOPRE-29348-implementation-sap-iver
Thu Sep 2 15:20:59 2021 +0200,u233266,feature/SOPRE-29348-implementation-sap-iver
Thu Sep 2 14:57:35 2021 +0200,u233266,Pull request #43,feature/SOPRE-29348-implementation-sap-iver
Thu Sep 2 14:56:50 2021 +0200,u233266,feature/SOPRE-29348-implementation-sap-iver
Thu Sep 2 14:24:20 2021 +0200,u233266,Pull request #41,feature/SOPRE-29348-implementation-sap-iver
Thu Sep 2 14:22:31 2021 +0200,u233266,feature/SOPRE-29348-implementation-sap-iver
Thu Sep 2 11:41:11 2021 +0200,u233266,Pull request #39,feature/SOPRE-29348-implementation-sap-iver
Thu Sep 2 11:40:18 2021 +0200,u233266,feature/SOPRE-29348-implementation-sap-iver
Thu Sep 2 10:56:54 2021 +0200,u233266,Pull request #37,feature/SOPRE-29348-implementation-sap-iver
Thu Sep 2 10:55:32 2021 +0200,u233266,feature/SOPRE-29348-implementation-sap-iver
Thu Sep 2 09:34:58 2021 +0200,u233266,Pull request #35,feature/SOPRE-29348-implementation-sap-iver
Thu Sep 2 09:34:07 2021 +0200,u233266,feature/SOPRE-29348-implementation-sap-iver
Thu Sep 2 09:11:28 2021 +0200,u233266,Pull request #33,feature/SOPRE-29348-implementation-sap-iver
Thu Sep 2 09:10:02 2021 +0200,u233266,feature/SOPRE-29348-implementation-sap-iver
Thu Sep 2 09:02:35 2021 +0200,u233266,Pull request #31,feature/SOPRE-29348-implementation-sap-iver
Thu Sep 2 09:00:33 2021 +0200,u233266,feature/SOPRE-29348-implementation-sap-iver
Tue Aug 31 08:56:34 2021 +0200,u233266,Pull request #29,feature/SOPRE-29348-implementation-sap-iver
Tue Aug 31 08:35:11 2021 +0200,u233266,feature/SOPRE-29348-implementation-sap-iver
Tue Aug 31 07:11:04 2021 +0200,u233266,Pull request #27,feature/SOPRE-29348-implementation-sap-iver
Tue Aug 31 07:09:28 2021 +0200,u233266,feature/SOPRE-29348-implementation-sap-iver
Mon Aug 30 16:14:28 2021 +0200,u233266,Pull request #25,feature/SOPRE-29348-implementation-sap-iver
Mon Aug 30 16:04:34 2021 +0200,u233266,feature/SOPRE-29348-implementation-sap-iver
Mon Aug 30 13:02:01 2021 +0200,u233266,Pull request #23,feature/SOPRE-29348-implementation-sap-iver
Mon Aug 30 13:01:01 2021 +0200,u233266,feature/SOPRE-29348-implementation-sap-iver
Wed Aug 25 08:13:35 2021 +0200,u233266,Pull request #21,feature/SOPRE-29348-implementation-sap-iver
Wed Aug 25 08:11:56 2021 +0200,u233266,feature/SOPRE-29348-implementation-sap-iver
Tue Aug 24 15:32:46 2021 +0200,u233266,Pull request #19,feature/SOPRE-29348-implementation-sap-iver
Tue Aug 24 14:19:25 2021 +0200,u233266,feature/SOPRE-29348-implementation-sap-iver
Tue Aug 24 13:36:44 2021 +0200,u233266,Pull request #17,feature/SOPRE-29348-implementation-sap-iver
Tue Aug 24 13:35:42 2021 +0200,u233266,feature/SOPRE-29348-implementation-sap-iver
Tue Aug 24 13:34:17 2021 +0200,u233266,Pull request #15,feature/SOPRE-29348-implementation-sap-iver
Tue Aug 24 13:33:09 2021 +0200,u233266,feature/SOPRE-29348-implementation-sap-iver
Tue Aug 24 13:16:52 2021 +0200,u233266,Pull request #13,feature/SOPRE-29348-implementation-sap-iver
Tue Aug 24 13:16:00 2021 +0200,u233266,feature/SOPRE-29348-implementation-sap-iver
Tue Aug 24 13:09:49 2021 +0200,u233266,Pull request #11,feature/SOPRE-29348-implementation-sap-iver
Tue Aug 24 13:08:46 2021 +0200,u233266,feature/SOPRE-29348-implementation-sap-iver
Tue Aug 24 13:00:01 2021 +0200,u233266,Pull request #9,feature/SOPRE-29348-implementation-sap-iver
Tue Aug 24 12:56:28 2021 +0200,u233266,feature/SOPRE-29348-implementation-sap-iver
Tue Aug 24 12:50:01 2021 +0200,u233266,Pull request #5,feature/SOPRE-29348-implementation-sap-iver
Tue Aug 24 12:48:01 2021 +0200,u233266,feature/SOPRE-29348-implementation-sap-iver
Tue Aug 24 12:34:35 2021 +0200,u233266,Pull request #3,feature/SOPRE-29348-implementation-sap-iver
Tue Aug 24 12:33:42 2021 +0200,u233266,feature/SOPRE-29348-implementation-sap-iver
Tue Aug 24 09:53:07 2021 +0200,u233266,Pull request #1,feature/SOPRE-29348-implementation-sap-iver
Mon Aug 23 10:37:35 2021 +0200,u233266,feature/SOPRE-29348-implementation-sap-iver
Mon Aug 16 09:54:56 2021 +0200,u233266,feature/SOPRE-29348-implementation-sap-iver
Wed Aug 11 13:54:17 2021 +0200,u233266,feature/SOPRE-29348-implementation-sap-iver
Fri Aug 6 15:24:12 2021 +0200,u233266,feature/SOPRE-29348-implementation-sap-iver
Thu Aug 5 15:09:06 2021 +0200,u233266,feature/SOPRE-29348-implementation-sap-iver
Thu Aug 5 09:43:39 2021 +0200,u233266,initial commit