Tue Dec 21 13:57:48 2021 +0100,u233266,Pull request #56,feature/SOPRE-29335-testing-sap_export-on-test
Tue Dec 21 13:53:16 2021 +0100,u233266,feature/SOPRE-29335-testing-sap_export-on-test
Tue Dec 21 13:25:11 2021 +0100,u233266,Pull request #54,feature/SOPRE-29335-testing-sap_export-on-test
Tue Dec 21 13:23:53 2021 +0100,u233266,feature/SOPRE-29335-testing-sap_export-on-test
Mon Dec 20 14:55:16 2021 +0100,u233266,Pull request #52,deploy/20211220-1
Mon Dec 20 14:53:57 2021 +0100,u233266,feature/SOPRE-29335-testing-sap_export-on-test
Thu Dec 9 13:27:44 2021 +0100,u233266,Pull request #50,feature/SOPRE-29335-testing-sap_export-on-test
Thu Dec 9 13:11:41 2021 +0100,u233266,feature/SOPRE-29335-testing-sap_export-on-test
Mon Dec 6 07:26:13 2021 +0100,u233266,Pull request #48,feature/SOPRE-29335-testing-sap_export-on-test
Mon Dec 6 07:25:29 2021 +0100,u233266,feature/SOPRE-29335-testing-sap_export-on-test
Mon Dec 6 06:55:30 2021 +0100,u233266,Pull request #46,feature/SOPRE-29335-testing-sap_export-on-test
Fri Dec 3 14:05:03 2021 +0100,u233266,feature/SOPRE-29335-testing-sap_export-on-test
Fri Nov 26 12:56:30 2021 +0100,u233266,Pull request #44,feature/SOPRE-29335-testing-sap_export-on-test
Fri Nov 26 12:54:32 2021 +0100,u233266,feature/SOPRE-29335-testing-sap_export-on-test
Tue Nov 9 08:24:16 2021 +0100,u233266,Pull request #42,feature/SOPRE-29335-testing-sap_export-on-test
Tue Nov 9 08:20:50 2021 +0100,u233266,feature/SOPRE-29335-testing-sap_export-on-test
Tue Nov 2 15:04:25 2021 +0100,u233266,Pull request #40,feature/SOPRE-29335-testing-sap_export-on-test
Tue Nov 2 15:01:49 2021 +0100,u233266,feature/SOPRE-29335-testing-sap_export-on-test
Mon Nov 1 10:21:28 2021 +0100,u233266,Pull request #38,feature/SOPRE-29335-testing-sap_export-on-test
Mon Nov 1 10:19:40 2021 +0100,u233266,feature/SOPRE-29335-testing-sap_export-on-test
Mon Nov 1 09:58:22 2021 +0100,u233266,Pull request #36,feature/SOPRE-29335-testing-sap_export-on-test
Mon Nov 1 09:51:08 2021 +0100,u233266,feature/SOPRE-29335-testing-sap_export-on-test
Tue Sep 28 08:56:17 2021 +0200,u233266,Pull request #34,feature/SOPRE-29335-testing-sap_export-on-test
Tue Sep 28 08:54:45 2021 +0200,u233266,feature/SOPRE-29335-testing-sap_export-on-test
Mon Sep 27 13:17:47 2021 +0200,u233266,Pull request #32,feature/SOPRE-29335-testing-sap_export-on-test
Mon Sep 27 13:16:45 2021 +0200,u233266,feature/SOPRE-29335-testing-sap_export-on-test
Thu Sep 2 07:47:18 2021 +0200,u233266,Pull request #30,feature/SOPRE-29335-testing-sap_export-on-test
Thu Sep 2 07:43:25 2021 +0200,u233266,feature/SOPRE-29335-testing-sap_export-on-test
Tue Aug 31 09:22:03 2021 +0200,u233266,Pull request #28,feature/SOPRE-29335-testing-sap_export-on-test
Tue Aug 31 09:09:24 2021 +0200,u233266,feature/SOPRE-29335-testing-sap_export-on-test
Tue Aug 24 09:15:19 2021 +0200,u233266,Pull request #26,feature/SOPRE-29335-testing-sap_export-on-test
Mon Aug 23 14:53:16 2021 +0200,u233266,feature/SOPRE-29335-testing-sap_export-on-test
Mon Aug 23 14:42:05 2021 +0200,u233266,feature/SOPRE-29335-testing-sap_export-on-test
Fri Aug 20 08:53:46 2021 +0200,u233266,Pull request #24,feature/SOPRE-29335-testing-sap_export-on-test
Fri Aug 20 08:52:37 2021 +0200,u233266,feature/SOPRE-29335-testing-sap_export-on-test
Fri Aug 20 08:27:51 2021 +0200,u233266,feature/SOPRE-29335-testing-sap_export-on-test
Tue Aug 3 07:14:04 2021 +0200,u233266,Pull request #22,feature/SOPRE-29335-testing-sap_export-on-test
Mon Aug 2 16:22:53 2021 +0200,u233266,feature/SOPRE-29335-testing-sap_export-on-test
Fri Jun 18 08:34:24 2021 +0200,u233266,Pull request #20,feature/SOPRE-11108-wmb-ablosung-iib-module-sopip-sap-iib-module-sopip-tochter-ex-tilo-schnittstelle
Fri Jun 18 08:32:26 2021 +0200,u233266,feature/SOPRE-11108-wmb-ablosung-iib-module-sopip-sap-iib-module-sopip-tochter-ex-tilo-schnittstelle
Thu Jun 17 15:24:50 2021 +0200,u233266,feature/SOPRE-11108-wmb-ablosung-iib-module-sopip-sap-iib-module-sopip-tochter-ex-tilo-schnittstelle
Thu Jun 17 10:17:34 2021 +0200,u233266,Pull request #19,feature/SOPRE-11108-wmb-ablosung-iib-module-sopip-sap-iib-module-sopip-tochter-ex-tilo-schnittstelle
Thu Jun 17 10:13:14 2021 +0200,u233266,feature/SOPRE-11108-wmb-ablosung-iib-module-sopip-sap-iib-module-sopip-tochter-ex-tilo-schnittstelle
Wed Jun 9 14:43:53 2021 +0200,u233266,Pull request #17,feature/SOPRE-11108-wmb-ablosung-iib-module-sopip-sap-iib-module-sopip-tochter-ex-tilo-schnittstelle
Wed Jun 9 14:41:47 2021 +0200,u233266,feature/SOPRE-11108-wmb-ablosung-iib-module-sopip-sap-iib-module-sopip-tochter-ex-tilo-schnittstelle
Mon Jun 7 15:32:04 2021 +0200,u233266,Pull request #15,feature/SOPRE-11108-wmb-ablosung-iib-module-sopip-sap-iib-module-sopip-tochter-ex-tilo-schnittstelle
Mon Jun 7 14:54:17 2021 +0200,u233266,feature/SOPRE-11108-wmb-ablosung-iib-module-sopip-sap-iib-module-sopip-tochter-ex-tilo-schnittstelle
Fri Jun 4 11:14:41 2021 +0200,u233266,Pull request #13,feature/SOPRE-11108-wmb-ablosung-iib-module-sopip-sap-iib-module-sopip-tochter-ex-tilo-schnittstelle
Fri Jun 4 11:13:06 2021 +0200,u233266,feature/SOPRE-11108-wmb-ablosung-iib-module-sopip-sap-iib-module-sopip-tochter-ex-tilo-schnittstelle
Fri Jun 4 10:56:44 2021 +0200,u233266,Pull request #11,feature/SOPRE-11108-wmb-ablosung-iib-module-sopip-sap-iib-module-sopip-tochter-ex-tilo-schnittstelle
Fri Jun 4 10:54:24 2021 +0200,u233266,feature/SOPRE-11108-wmb-ablosung-iib-module-sopip-sap-iib-module-sopip-tochter-ex-tilo-schnittstelle
Fri Jun 4 10:45:56 2021 +0200,u233266,Pull request #9,feature/SOPRE-11108-wmb-ablosung-iib-module-sopip-sap-iib-module-sopip-tochter-ex-tilo-schnittstelle
Fri Jun 4 10:34:44 2021 +0200,u233266,feature/SOPRE-11108-wmb-ablosung-iib-module-sopip-sap-iib-module-sopip-tochter-ex-tilo-schnittstelle
Thu Jun 3 14:13:41 2021 +0200,u233266,feature/SOPRE-11108-wmb-ablosung-iib-module-sopip-sap-iib-module-sopip-tochter-ex-tilo-schnittstelle
Wed Jun 2 11:19:14 2021 +0200,u233266,feature/SOPRE-11108-wmb-ablosung-iib-module-sopip-sap-iib-module-sopip-tochter-ex-tilo-schnittstelle